<?xml version="1.0" encoding="utf-8"?>
<bwFrame xmlns:xsi="http://www.w3.org/2001/XMLSchema-instance" xmlns:xsd="http://www.w3.org/2001/XMLSchema" default_layout="npnxnanbnsnfns00000000001" textdirection="ltr" textengine="DirectWrite" device="false" fontscale="100" captionFontScale="100" kbshortcuts="false" skip_nav_enabled="true" chromeless="false" outputtype="undefined" theme="classic">
  <layouts>
    <layout name="npnxnanbsnfns00000000001" font="Open Sans" controllayout="npnxnanbsnfns00000000001" colorscheme="npnxnanbnsnfns00000000001" string_table="npnxnanbnsnfns00000000001" />
    <layout name="pxabnsnfns00000000001" font="Open Sans" controllayout="pxabnsnfns00000000001" colorscheme="npnxnanbnsnfns00000000001" string_table="npnxnanbnsnfns00000000001" />
    <layout name="npxnabnsnfns00000000001" font="Open Sans" controllayout="npxnabnsnfns00000000001" colorscheme="npnxnanbnsnfns00000000001" string_table="npnxnanbnsnfns00000000001" />
    <layout name="npnxnanbnsnfns00000000001" font="Open Sans" controllayout="npnxnanbnsnfns00000000001" colorscheme="npnxnanbnsnfns00000000001" string_table="npnxnanbnsnfns00000000001" />
    <layout name="pxabnsnfns00000000000" font="Open Sans" controllayout="pxabnsnfns00000000000" colorscheme="npnxnanbnsnfns00000000001" string_table="npnxnanbnsnfns00000000001" />
  </layouts>
  <control_options>
    <optiongroups>
      <optiongroup name="sidebaroptions">
        <options>
          <option name="title_enabled" value="false">
            <options>
              <option name="title_text" value="Actividad did&amp;#225;ctica" />
            </options>
          </option>
          <option name="logo_enabled" value="false">
            <options />
          </option>
          <option name="sidebar_enabled" value="false">
            <options>
              <option name="sidebarpos" value="left" />
              <option name="closed" value="true" />
            </options>
          </option>
          <optionlist name="tabs">
            <listitems>
              <listitem name="outline" value="false" group="linkleft" />
              <listitem name="resources" value="false" group="linkright" />
              <listitem name="glossary" value="false" group="sidebar" />
              <listitem name="transcript" value="false" group="sidebar" />
            </listitems>
          </optionlist>
          <option name="time_enabled" value="false">
            <options>
              <option name="time_format" value="none" />
            </options>
          </option>
          <option name="video_enabled" value="false">
            <options>
              <option name="height" value="135" />
            </options>
          </option>
          <option name="logoAltText" />
        </options>
      </optiongroup>
      <optiongroup name="menuoptions">
        <options>
          <option name="flow" value="free" />
          <option name="wraplistitems" value="false" />
          <option name="tooltips" value="true" />
          <option name="autocollapse" value="true" />
          <option name="autonumber" value="false" />
          <option name="enableresultsicons" value="true" />
        </options>
      </optiongroup>
      <optiongroup name="controls">
        <options>
          <option name="volume" value="false" />
          <option name="seekbar" value="false">
            <options>
              <option name="readonly" value="false" />
              <option name="readonlyOnce" value="false" />
            </options>
          </option>
          <option name="pauseplay" value="false" />
          <option name="replay" value="false" />
          <option name="search" value="false" />
          <option name="closed_captions" value="false">
            <options>
              <option name="font" value="Open Sans" />
            </options>
          </option>
          <option name="settings" value="false" />
          <option name="fullScreenToggle" value="false" />
          <option name="playbackSpeedControl" value="false" />
        </options>
      </optiongroup>
      <optiongroup name="bottombaroptions">
        <options>
          <option name="bottombar_enabled" value="true" />
        </options>
      </optiongroup>
      <optiongroup name="buttonoptions">
        <options>
          <option name="next" value="icontext" />
          <option name="previous" value="icontext" />
          <option name="submit" value="icontext" />
        </options>
      </optiongroup>
    </optiongroups>
  </control_options>
  <control_layouts>
    <control_layout name="npnxnanbsnfns00000000001">
      <control name="volume" enabled="false" />
      <control name="seekbar" enabled="false" />
      <control name="replay" enabled="false" />
      <control name="pauseplay" enabled="false" />
      <control name="logo" enabled="false" />
      <control name="previous" enabled="false" />
      <control name="next" enabled="false" />
      <control name="swipeleft" enabled="false" />
      <control name="swiperight" enabled="false" />
      <control name="fullScreenToggle" enabled="false" />
      <control name="playbackSpeedControl" enabled="false" />
      <control name="submit" enabled="true" />
      <control name="finish" enabled="false" />
      <control name="submitall" enabled="false" />
      <control name="resources" enabled="false" />
      <control name="glossary" enabled="false" />
      <control name="transcript" enabled="false" />
      <control name="outline" enabled="false">
        <controls>
          <control name="search" enabled="false" />
        </controls>
      </control>
      <control name="close_btn" enabled="true" />
    </control_layout>
    <control_layout name="pxabnsnfns00000000001">
      <control name="volume" enabled="false" />
      <control name="seekbar" enabled="false" />
      <control name="replay" enabled="false" />
      <control name="pauseplay" enabled="false" />
      <control name="logo" enabled="false" />
      <control name="previous" enabled="true" />
      <control name="next" enabled="true" />
      <control name="swipeleft" enabled="true" />
      <control name="swiperight" enabled="true" />
      <control name="fullScreenToggle" enabled="false" />
      <control name="playbackSpeedControl" enabled="false" />
      <control name="submit" enabled="false" />
      <control name="finish" enabled="false" />
      <control name="submitall" enabled="false" />
      <control name="resources" enabled="false" />
      <control name="glossary" enabled="false" />
      <control name="transcript" enabled="false" />
      <control name="outline" enabled="false">
        <controls>
          <control name="search" enabled="false" />
        </controls>
      </control>
      <control name="close_btn" enabled="true" />
    </control_layout>
    <control_layout name="npxnabnsnfns00000000001">
      <control name="volume" enabled="false" />
      <control name="seekbar" enabled="false" />
      <control name="replay" enabled="false" />
      <control name="pauseplay" enabled="false" />
      <control name="logo" enabled="false" />
      <control name="previous" enabled="false" />
      <control name="next" enabled="true" />
      <control name="swipeleft" enabled="false" />
      <control name="swiperight" enabled="true" />
      <control name="fullScreenToggle" enabled="false" />
      <control name="playbackSpeedControl" enabled="false" />
      <control name="submit" enabled="false" />
      <control name="finish" enabled="false" />
      <control name="submitall" enabled="false" />
      <control name="resources" enabled="false" />
      <control name="glossary" enabled="false" />
      <control name="transcript" enabled="false" />
      <control name="outline" enabled="false">
        <controls>
          <control name="search" enabled="false" />
        </controls>
      </control>
      <control name="close_btn" enabled="true" />
    </control_layout>
    <control_layout name="npnxnanbnsnfns00000000001">
      <control name="volume" enabled="false" />
      <control name="seekbar" enabled="false" />
      <control name="replay" enabled="false" />
      <control name="pauseplay" enabled="false" />
      <control name="logo" enabled="false" />
      <control name="previous" enabled="false" />
      <control name="next" enabled="false" />
      <control name="swipeleft" enabled="false" />
      <control name="swiperight" enabled="false" />
      <control name="fullScreenToggle" enabled="false" />
      <control name="playbackSpeedControl" enabled="false" />
      <control name="submit" enabled="false" />
      <control name="finish" enabled="false" />
      <control name="submitall" enabled="false" />
      <control name="resources" enabled="false" />
      <control name="glossary" enabled="false" />
      <control name="transcript" enabled="false" />
      <control name="outline" enabled="false">
        <controls>
          <control name="search" enabled="false" />
        </controls>
      </control>
      <control name="close_btn" enabled="true" />
    </control_layout>
    <control_layout name="pxabnsnfns00000000000">
      <control name="volume" enabled="false" />
      <control name="seekbar" enabled="false" />
      <control name="replay" enabled="false" />
      <control name="pauseplay" enabled="false" />
      <control name="logo" enabled="false" />
      <control name="previous" enabled="true" />
      <control name="next" enabled="true" />
      <control name="swipeleft" enabled="true" />
      <control name="swiperight" enabled="true" />
      <control name="fullScreenToggle" enabled="false" />
      <control name="playbackSpeedControl" enabled="false" />
      <control name="submit" enabled="false" />
      <control name="finish" enabled="false" />
      <control name="submitall" enabled="false" />
      <control name="resources" enabled="false" />
      <control name="glossary" enabled="false" />
      <control name="transcript" enabled="false" />
      <control name="outline" enabled="false">
        <controls>
          <control name="search" enabled="false" />
        </controls>
      </control>
      <control name="close_btn" enabled="false" />
    </control_layout>
  </control_layouts>
  <colorschemes>
    <colorscheme name="npnxnanbnsnfns00000000001">
      <color_group name="accessibility">
        <group_colors>
          <color name="focus_rect">
            <fill type="linear" rotation="90">
              <colors>
                <color rgb="0xFFFF00" alpha="100" stop="0" />
              </colors>
            </fill>
          </color>
        </group_colors>
      </color_group>
      <color_group name="infopanel">
        <group_colors>
          <color name="link_text">
            <fill type="linear" rotation="90">
              <colors>
                <color rgb="0x7C2280" alpha="100" stop="0" />
              </colors>
            </fill>
          </color>
          <color name="link_hover">
            <fill type="linear" rotation="90">
              <colors>
                <color rgb="0x0000EE" alpha="100" stop="0" />
              </colors>
            </fill>
          </color>
          <color name="shadow">
            <fill type="linear" rotation="90">
              <colors>
                <color rgb="0x000000" alpha="100" stop="0" />
              </colors>
            </fill>
          </color>
          <color name="bg">
            <fill type="linear" rotation="90">
              <colors>
                <color rgb="0xFFFFFF" alpha="100" stop="0" />
              </colors>
            </fill>
          </color>
          <color name="name_text">
            <fill type="linear" rotation="90">
              <colors>
                <color rgb="0x444444" alpha="100" stop="0" />
              </colors>
            </fill>
          </color>
          <color name="title_text">
            <fill type="linear" rotation="90">
              <colors>
                <color rgb="0x999999" alpha="100" stop="0" />
              </colors>
            </fill>
          </color>
        </group_colors>
      </color_group>
      <color_group name="infopanelpopup">
        <group_colors>
          <color name="link_text">
            <fill type="linear" rotation="90">
              <colors>
                <color rgb="0xFFFFFF" alpha="100" stop="0" />
              </colors>
            </fill>
          </color>
          <color name="link_hover">
            <fill type="linear" rotation="90">
              <colors>
                <color rgb="0x757575" alpha="100" stop="0" />
              </colors>
            </fill>
          </color>
          <color name="bg">
            <fill type="linear" rotation="90">
              <colors>
                <color rgb="0x1D1D1D" alpha="100" stop="0" />
                <color rgb="0x0B0B0B" alpha="100" stop="255" />
              </colors>
            </fill>
          </color>
          <color name="shadow">
            <fill type="linear" rotation="90">
              <colors>
                <color rgb="0x000000" alpha="100" stop="0" />
              </colors>
            </fill>
          </color>
          <color name="name_text">
            <fill type="linear" rotation="90">
              <colors>
                <color rgb="0x727272" alpha="100" stop="0" />
              </colors>
            </fill>
          </color>
          <color name="bio_text">
            <fill type="linear" rotation="90">
              <colors>
                <color rgb="0xFFFFFF" alpha="100" stop="0" />
              </colors>
            </fill>
          </color>
        </group_colors>
      </color_group>
      <color_group name="timer">
        <group_colors>
          <color name="duration">
            <fill type="linear" rotation="90">
              <colors>
                <color rgb="0x00D7FF" alpha="100" stop="0" />
                <color rgb="0x00ABFF" alpha="100" stop="255" />
              </colors>
            </fill>
          </color>
          <color name="elapsed">
            <fill type="linear" rotation="90">
              <colors>
                <color rgb="0xFEE347" alpha="100" stop="0" />
                <color rgb="0xFCCC2A" alpha="100" stop="255" />
              </colors>
            </fill>
          </color>
          <color name="stroke">
            <fill type="linear" rotation="90">
              <colors>
                <color rgb="0xFFFFFF" alpha="100" stop="0" />
              </colors>
            </fill>
          </color>
          <color name="inner">
            <fill type="linear" rotation="90">
              <colors>
                <color rgb="0xCCCCCC" alpha="100" stop="0" />
              </colors>
            </fill>
          </color>
          <color name="text">
            <fill type="linear" rotation="90">
              <colors>
                <color rgb="0xFFFFFF" alpha="100" stop="0" />
              </colors>
            </fill>
          </color>
        </group_colors>
      </color_group>
      <color_group name="window">
        <group_colors>
          <color name="text">
            <fill type="linear" rotation="90">
              <colors>
                <color rgb="0xFFFFFF" alpha="100" stop="0" />
              </colors>
            </fill>
          </color>
          <color name="inner">
            <fill type="linear" rotation="90">
              <colors>
                <color rgb="0x1D1D1D" alpha="100" stop="0" />
                <color rgb="0x0B0B0B" alpha="100" stop="255" />
              </colors>
            </fill>
          </color>
          <color name="bg">
            <fill type="linear" rotation="90">
              <colors>
                <color rgb="0x2A2A2A" alpha="100" stop="0" />
              </colors>
            </fill>
          </color>
          <color name="diva">
            <fill type="linear" rotation="90">
              <colors>
                <color rgb="0x313131" alpha="100" stop="0" />
              </colors>
            </fill>
          </color>
          <color name="divb">
            <fill type="linear" rotation="90">
              <colors>
                <color rgb="0x0E0E0E" alpha="100" stop="0" />
              </colors>
            </fill>
          </color>
          <color name="shadow">
            <fill type="linear" rotation="90">
              <colors>
                <color rgb="0x000000" alpha="20" stop="0" />
              </colors>
            </fill>
          </color>
        </group_colors>
      </color_group>
      <color_group name="editor">
        <group_colors>
          <color name="slide_text">
            <fill type="linear" rotation="90">
              <colors>
                <color rgb="0xFFFFFF" alpha="100" stop="0" />
              </colors>
            </fill>
          </color>
          <color name="html_text">
            <fill type="linear" rotation="90">
              <colors>
                <color rgb="0xFFFFFF" alpha="100" stop="0" />
              </colors>
            </fill>
          </color>
          <color name="btn_text_shadow">
            <fill type="linear" rotation="90">
              <colors>
                <color rgb="0x000000" alpha="100" stop="0" />
              </colors>
            </fill>
          </color>
          <color name="btn_text">
            <fill type="linear" rotation="90">
              <colors>
                <color rgb="0xFFFFFF" alpha="100" stop="0" />
              </colors>
            </fill>
          </color>
          <color name="btn_border">
            <fill type="linear" rotation="90">
              <colors>
                <color rgb="0x030303" alpha="100" stop="0" />
              </colors>
            </fill>
          </color>
          <color name="btn_hover">
            <fill type="linear" rotation="90">
              <colors>
                <color rgb="0x3A3A3A" alpha="100" stop="0" />
                <color rgb="0x0C0C0C" alpha="100" stop="255" />
              </colors>
            </fill>
          </color>
          <color name="btn_down">
            <fill type="linear" rotation="90">
              <colors>
                <color rgb="0x141414" alpha="100" stop="0" />
                <color rgb="0x323232" alpha="100" stop="255" />
              </colors>
            </fill>
          </color>
          <color name="btn_bg">
            <fill type="linear" rotation="90">
              <colors>
                <color rgb="0x333333" alpha="100" stop="0" />
                <color rgb="0x141414" alpha="100" stop="255" />
              </colors>
            </fill>
          </color>
        </group_colors>
      </color_group>
      <color_group name="listitem">
        <group_colors>
          <color name="selected_text">
            <fill type="linear" rotation="90">
              <colors>
                <color rgb="0xFFFFFF" alpha="100" stop="0" />
              </colors>
            </fill>
          </color>
          <color name="shadow">
            <fill type="linear" rotation="90">
              <colors>
                <color rgb="0x000000" alpha="100" stop="0" />
              </colors>
            </fill>
          </color>
          <color name="selected">
            <fill type="linear" rotation="90">
              <colors>
                <color rgb="0x3F3F3F" alpha="100" stop="0" />
              </colors>
            </fill>
          </color>
          <color name="text">
            <fill type="linear" rotation="90">
              <colors>
                <color rgb="0xFFFFFF" alpha="100" stop="0" />
              </colors>
            </fill>
          </color>
          <color name="viewed">
            <fill type="linear" rotation="90">
              <colors>
                <color rgb="0x878787" alpha="100" stop="0" />
              </colors>
            </fill>
          </color>
          <color name="hover">
            <fill type="linear" rotation="90">
              <colors>
                <color rgb="0x313131" alpha="100" stop="0" />
              </colors>
            </fill>
          </color>
          <color name="lines">
            <fill type="linear" rotation="90">
              <colors>
                <color rgb="0x343434" alpha="100" stop="0" />
              </colors>
            </fill>
          </color>
        </group_colors>
      </color_group>
      <color_group name="glossary">
        <group_colors>
          <color name="selected_text">
            <fill type="linear" rotation="90">
              <colors>
                <color rgb="0xFFFFFF" alpha="100" stop="0" />
              </colors>
            </fill>
          </color>
          <color name="selected">
            <fill type="linear" rotation="90">
              <colors>
                <color rgb="0x3F3F3F" alpha="100" stop="0" />
              </colors>
            </fill>
          </color>
          <color name="text">
            <fill type="linear" rotation="90">
              <colors>
                <color rgb="0xFFFFFF" alpha="100" stop="0" />
              </colors>
            </fill>
          </color>
          <color name="hover">
            <fill type="linear" rotation="90">
              <colors>
                <color rgb="0x1C1C1C" alpha="100" stop="0" />
              </colors>
            </fill>
          </color>
          <color name="heading_text">
            <fill type="linear" rotation="90">
              <colors>
                <color rgb="0xFFFFFF" alpha="100" stop="0" />
              </colors>
            </fill>
          </color>
          <color name="diva">
            <fill type="linear" rotation="90">
              <colors>
                <color rgb="0x3D3D3D" alpha="100" stop="0" />
              </colors>
            </fill>
          </color>
          <color name="divb">
            <fill type="linear" rotation="90">
              <colors>
                <color rgb="0x202020" alpha="100" stop="0" />
              </colors>
            </fill>
          </color>
          <color name="divc">
            <fill type="linear" rotation="90">
              <colors>
                <color rgb="0x3D3D3D" alpha="100" stop="0" />
              </colors>
            </fill>
          </color>
          <color name="bg">
            <fill type="linear" rotation="90">
              <colors>
                <color rgb="0x333333" alpha="100" stop="0" />
              </colors>
            </fill>
          </color>
        </group_colors>
      </color_group>
      <color_group name="resource">
        <group_colors>
          <color name="separator">
            <fill type="linear" rotation="90">
              <colors>
                <color rgb="0x2C2C2C" alpha="100" stop="0" />
              </colors>
            </fill>
          </color>
        </group_colors>
      </color_group>
      <color_group name="outline">
        <group_colors>
          <color name="search_hover">
            <fill type="linear" rotation="90">
              <colors>
                <color rgb="0x757575" alpha="100" stop="0" />
              </colors>
            </fill>
          </color>
          <color name="search_text">
            <fill type="linear" rotation="90">
              <colors>
                <color rgb="0xFFFFFF" alpha="100" stop="0" />
              </colors>
            </fill>
          </color>
          <color name="divc">
            <fill type="linear" rotation="90">
              <colors>
                <color rgb="0x343434" alpha="100" stop="0" />
              </colors>
            </fill>
          </color>
          <color name="divb">
            <fill type="linear" rotation="90">
              <colors>
                <color rgb="0x363636" alpha="100" stop="0" />
              </colors>
            </fill>
          </color>
          <color name="diva">
            <fill type="linear" rotation="90">
              <colors>
                <color rgb="0x1C1C1C" alpha="100" stop="0" />
              </colors>
            </fill>
          </color>
        </group_colors>
      </color_group>
      <color_group name="transcript">
        <group_colors>
          <color name="heading_text">
            <fill type="linear" rotation="90">
              <colors>
                <color rgb="0xFFFFFF" alpha="100" stop="0" />
              </colors>
            </fill>
          </color>
          <color name="div">
            <fill type="linear" rotation="90">
              <colors>
                <color rgb="0x2C2C2C" alpha="100" stop="0" />
              </colors>
            </fill>
          </color>
        </group_colors>
      </color_group>
      <color_group name="tabs">
        <group_colors>
          <color name="shadow">
            <fill type="linear" rotation="90">
              <colors>
                <color rgb="0x000000" alpha="100" stop="0" />
              </colors>
            </fill>
          </color>
          <color name="hover">
            <fill type="linear" rotation="90">
              <colors>
                <color rgb="0x525454" alpha="100" stop="0" />
              </colors>
            </fill>
          </color>
          <color name="selected">
            <fill type="linear" rotation="90">
              <colors>
                <color rgb="0xFFFFFF" alpha="100" stop="0" />
              </colors>
            </fill>
          </color>
          <color name="text">
            <fill type="linear" rotation="90">
              <colors>
                <color rgb="0x727272" alpha="100" stop="0" />
              </colors>
            </fill>
          </color>
          <color name="bg">
            <fill type="linear" rotation="90">
              <colors>
                <color rgb="0x242424" alpha="100" stop="0" />
              </colors>
            </fill>
          </color>
        </group_colors>
      </color_group>
      <color_group name="seekcontrol">
        <group_colors>
          <color name="btn_icon_hover">
            <fill type="linear" rotation="90">
              <colors>
                <color rgb="0xFFFFFF" alpha="100" stop="0" />
              </colors>
            </fill>
          </color>
          <color name="btn_icon_shadow">
            <fill type="linear" rotation="90">
              <colors>
                <color rgb="0x000000" alpha="100" stop="0" />
              </colors>
            </fill>
          </color>
          <color name="btn_icon_color">
            <fill type="linear" rotation="90">
              <colors>
                <color rgb="0xFFFFFF" alpha="100" stop="0" />
              </colors>
            </fill>
          </color>
          <color name="seek_position">
            <fill type="linear" rotation="90">
              <colors>
                <color rgb="0xFFFFFF" alpha="100" stop="0" />
              </colors>
            </fill>
          </color>
          <color name="seek_bg">
            <fill type="linear" rotation="90">
              <colors>
                <color rgb="0x222222" alpha="100" stop="0" />
              </colors>
            </fill>
          </color>
          <color name="seek_border">
            <fill type="linear" rotation="90">
              <colors>
                <color rgb="0x1A1A1A" alpha="100" stop="0" />
                <color rgb="0x313131" alpha="100" stop="255" />
              </colors>
            </fill>
          </color>
          <color name="border">
            <fill type="linear" rotation="90">
              <colors>
                <color rgb="0x030303" alpha="100" stop="0" />
              </colors>
            </fill>
          </color>
          <color name="bg">
            <fill type="linear" rotation="90">
              <colors>
                <color rgb="0x333333" alpha="100" stop="0" />
                <color rgb="0x141414" alpha="100" stop="255" />
              </colors>
            </fill>
          </color>
        </group_colors>
      </color_group>
      <color_group name="searchinput">
        <group_colors>
          <color name="text_active">
            <fill type="linear" rotation="90">
              <colors>
                <color rgb="0x2D2D2D" alpha="100" stop="0" />
              </colors>
            </fill>
          </color>
          <color name="bg_active">
            <fill type="linear" rotation="90">
              <colors>
                <color rgb="0xFFFFFF" alpha="100" stop="0" />
              </colors>
            </fill>
          </color>
          <color name="search_text">
            <fill type="linear" rotation="90">
              <colors>
                <color rgb="0x2D2D2D" alpha="100" stop="0" />
              </colors>
            </fill>
          </color>
          <color name="hover_glow">
            <fill type="linear" rotation="90">
              <colors>
                <color rgb="0xEB9471" alpha="0" stop="0" />
              </colors>
            </fill>
          </color>
          <color name="button_hover">
            <fill type="linear" rotation="90">
              <colors>
                <color rgb="0x3A3A3A" alpha="100" stop="0" />
                <color rgb="0x0C0C0C" alpha="100" stop="255" />
              </colors>
            </fill>
          </color>
          <color name="icon">
            <fill type="linear" rotation="90">
              <colors>
                <color rgb="0xFFFFFF" alpha="100" stop="0" />
              </colors>
            </fill>
          </color>
          <color name="border">
            <fill type="linear" rotation="90">
              <colors>
                <color rgb="0x202020" alpha="100" stop="0" />
                <color rgb="0x161616" alpha="100" stop="255" />
              </colors>
            </fill>
          </color>
          <color name="bg">
            <fill type="linear" rotation="90">
              <colors>
                <color rgb="0xFFFFFF" alpha="100" stop="0" />
              </colors>
            </fill>
          </color>
        </group_colors>
      </color_group>
      <color_group name="scrollarea">
        <group_colors>
          <color name="detailb">
            <fill type="linear" rotation="90">
              <colors>
                <color rgb="0x1C1C1C" alpha="100" stop="0" />
              </colors>
            </fill>
          </color>
          <color name="detaila">
            <fill type="linear" rotation="90">
              <colors>
                <color rgb="0x595959" alpha="100" stop="0" />
              </colors>
            </fill>
          </color>
          <color name="shadow">
            <fill type="linear" rotation="90">
              <colors>
                <color rgb="0x1C1C1C" alpha="100" stop="0" />
              </colors>
            </fill>
          </color>
          <color name="icons">
            <fill type="linear" rotation="90">
              <colors>
                <color rgb="0xFFFFFF" alpha="100" stop="0" />
              </colors>
            </fill>
          </color>
          <color name="button_border">
            <fill type="linear" rotation="90">
              <colors>
                <color rgb="0x1C1C1C" alpha="100" stop="0" />
              </colors>
            </fill>
          </color>
          <color name="button_inner">
            <fill type="linear" rotation="90">
              <colors>
                <color rgb="0x5A5A5A" alpha="100" stop="0" />
                <color rgb="0x4A4A4A" alpha="100" stop="255" />
              </colors>
            </fill>
          </color>
          <color name="button_bg">
            <fill type="linear" rotation="90">
              <colors>
                <color rgb="0x4B4B4B" alpha="100" stop="0" />
                <color rgb="0x3C3C3C" alpha="100" stop="255" />
              </colors>
            </fill>
          </color>
          <color name="border">
            <fill type="linear" rotation="90">
              <colors>
                <color rgb="0x494949" alpha="100" stop="0" />
                <color rgb="0x494949" alpha="100" stop="255" />
              </colors>
            </fill>
          </color>
          <color name="bg">
            <fill type="linear" rotation="0">
              <colors>
                <color rgb="0x313131" alpha="100" stop="0" />
                <color rgb="0x363636" alpha="100" stop="128" />
              </colors>
            </fill>
          </color>
        </group_colors>
      </color_group>
      <color_group name="menu">
        <group_colors>
          <color name="shadow">
            <fill type="linear" rotation="90">
              <colors>
                <color rgb="0x0E0E0E" alpha="100" stop="0" />
              </colors>
            </fill>
          </color>
          <color name="bg">
            <fill type="linear" rotation="90">
              <colors>
                <color rgb="0x242424" alpha="100" stop="0" />
              </colors>
            </fill>
          </color>
        </group_colors>
      </color_group>
      <color_group name="logo">
        <group_colors>
          <color name="shadow">
            <fill type="linear" rotation="90">
              <colors>
                <color rgb="0x000000" alpha="100" stop="0" />
              </colors>
            </fill>
          </color>
          <color name="bg">
            <fill type="linear" rotation="90">
              <colors>
                <color rgb="0xFFFFFF" alpha="100" stop="0" />
              </colors>
            </fill>
          </color>
        </group_colors>
      </color_group>
      <color_group name="checkbox">
        <group_colors>
          <color name="hover">
            <fill type="linear" rotation="90">
              <colors>
                <color rgb="0x9C9C9C" alpha="100" stop="0" />
              </colors>
            </fill>
          </color>
          <color name="text">
            <fill type="linear" rotation="90">
              <colors>
                <color rgb="0xFFFFFF" alpha="100" stop="0" />
              </colors>
            </fill>
          </color>
          <color name="check">
            <fill type="linear" rotation="90">
              <colors>
                <color rgb="0x2BC400" alpha="100" stop="0" />
              </colors>
            </fill>
          </color>
          <color name="bg">
            <fill type="linear" rotation="90">
              <colors>
                <color rgb="0xFFFFFF" alpha="100" stop="0" />
              </colors>
            </fill>
          </color>
          <color name="border">
            <fill type="linear" rotation="90">
              <colors>
                <color rgb="0x161616" alpha="100" stop="0" />
              </colors>
            </fill>
          </color>
        </group_colors>
      </color_group>
      <color_group name="button">
        <group_colors>
          <color name="btn_icon_color">
            <fill type="linear" rotation="90">
              <colors>
                <color rgb="0xFFFFFF" alpha="100" stop="0" />
              </colors>
            </fill>
          </color>
          <color name="btn_text_shadow">
            <fill type="linear" rotation="90">
              <colors>
                <color rgb="0x000000" alpha="0" stop="0" />
              </colors>
            </fill>
          </color>
          <color name="btn_text">
            <fill type="linear" rotation="90">
              <colors>
                <color rgb="0xFFFFFF" alpha="100" stop="0" />
              </colors>
            </fill>
          </color>
          <color name="btn_border">
            <fill type="linear" rotation="90">
              <colors>
                <color rgb="0x030303" alpha="100" stop="0" />
              </colors>
            </fill>
          </color>
          <color name="btn_hover">
            <fill type="linear" rotation="90">
              <colors>
                <color rgb="0xFDBC2E" alpha="100" stop="0" />
                <color rgb="0xFFC000" alpha="100" stop="255" />
              </colors>
            </fill>
          </color>
          <color name="btn_down">
            <fill type="linear" rotation="90">
              <colors>
                <color rgb="0x141414" alpha="100" stop="0" />
                <color rgb="0x323232" alpha="100" stop="255" />
              </colors>
            </fill>
          </color>
          <color name="btn_bg">
            <fill type="linear" rotation="90">
              <colors>
                <color rgb="0xF36F21" alpha="100" stop="0" />
                <color rgb="0xF36F21" alpha="100" stop="255" />
              </colors>
            </fill>
          </color>
          <color name="btn_glow">
            <fill type="linear" rotation="90">
              <colors>
                <color rgb="0x252525" alpha="100" stop="0" />
              </colors>
            </fill>
          </color>
        </group_colors>
      </color_group>
      <color_group name="base">
        <group_colors>
          <color name="text">
            <fill type="linear" rotation="90">
              <colors>
                <color rgb="0xFFFFFF" alpha="100" stop="0" />
              </colors>
            </fill>
          </color>
          <color name="diva">
            <fill type="linear" rotation="90">
              <colors>
                <color rgb="0x0E0E0E" alpha="100" stop="0" />
              </colors>
            </fill>
          </color>
          <color name="divb">
            <fill type="linear" rotation="90">
              <colors>
                <color rgb="0x313131" alpha="100" stop="0" />
              </colors>
            </fill>
          </color>
          <color name="menu_shade">
            <fill type="linear" rotation="90">
              <colors>
                <color rgb="0x1B1B1B" alpha="100" stop="0" />
                <color rgb="0x0A0A0A" alpha="100" stop="255" />
              </colors>
            </fill>
          </color>
          <color name="border">
            <fill type="linear" rotation="90">
              <colors>
                <color rgb="0x000000" alpha="100" stop="0" />
                <color rgb="0x000000" alpha="100" stop="255" />
              </colors>
            </fill>
          </color>
          <color name="bg">
            <fill type="linear" rotation="90">
              <colors>
                <color rgb="0x000000" alpha="100" stop="0" />
                <color rgb="0x000000" alpha="100" stop="255" />
              </colors>
            </fill>
          </color>
          <color name="slide_bg">
            <fill type="linear" rotation="90">
              <colors>
                <color rgb="0x1D1D1D" alpha="100" stop="0" />
                <color rgb="0x0B0B0B" alpha="100" stop="255" />
              </colors>
            </fill>
          </color>
        </group_colors>
      </color_group>
      <color_group name="volume">
        <group_colors>
          <color name="thumb_border">
            <fill type="linear" rotation="90">
              <colors>
                <color rgb="0x1C1C1C" alpha="100" stop="0" />
              </colors>
            </fill>
          </color>
          <color name="thumb_inner">
            <fill type="linear" rotation="90">
              <colors>
                <color rgb="0x5A5A5A" alpha="100" stop="0" />
              </colors>
            </fill>
          </color>
          <color name="thumb_bg">
            <fill type="linear" rotation="90">
              <colors>
                <color rgb="0x4C4C4C" alpha="100" stop="0" />
              </colors>
            </fill>
          </color>
          <color name="slider_border">
            <fill type="linear" rotation="90">
              <colors>
                <color rgb="0x494949" alpha="100" stop="0" />
              </colors>
            </fill>
          </color>
          <color name="slider_bg">
            <fill type="linear" rotation="90">
              <colors>
                <color rgb="0x313131" alpha="100" stop="0" />
              </colors>
            </fill>
          </color>
        </group_colors>
      </color_group>
      <color_group name="HTML">
        <group_colors>
          <color name="htmlpage_bg_color">
            <fill type="linear" rotation="90">
              <colors>
                <color rgb="0x000000" alpha="100" stop="0" />
              </colors>
            </fill>
          </color>
        </group_colors>
      </color_group>
    </colorscheme>
  </colorschemes>
  <string_tables>
    <string_table name="npnxnanbnsnfns00000000001">
      <string id="three_image_progress_audio">progreso</string>
      <string id="three_image_audio">audio</string>
      <string id="three_image_camera_down">cámara movida hacia abajo</string>
      <string id="three_image_camera_left">cámara movida a la izquierda</string>
      <string id="three_image_camera_right">cámara movida a la derecha</string>
      <string id="three_image_camera_up">cámara movida hacia arriba</string>
      <string id="three_image_interaction_free">modo de exploración libre</string>
      <string id="three_image_interaction_guided">modo de tour guiado</string>
      <string id="three_image_hotspot">punto caliente</string>
      <string id="three_image_instructions">Utilice las teclas W, A, S y D para moverte por la imagen de 360 grados. Presione la tecla TAB para saltar a los marcadores interactivos y los puntos calientes.</string>
      <string id="three_image_interaction">interacción de la imagen de 360 grados</string>
      <string id="three_image_label">etiqueta</string>
      <string id="three_image_marker">marcador</string>
      <string id="three_image_items">ítems</string>
      <string id="three_image_interaction_next">siguiente</string>
      <string id="three_image_pause_audio">pausar audio</string>
      <string id="three_image_pause_video">pausar video</string>
      <string id="three_image_play_audio">reproducir audio</string>
      <string id="three_image_play_video">reproducir video</string>
      <string id="three_image_interaction_prev">anterior</string>
      <string id="three_image_visited">visitado</string>
      <string id="three_image_of">de</string>
      <string id="three_image_count_of_total">%count% de %total%</string>
      <string id="acc_three_image_step_count_of_total">paso %count% de %total%</string>
      <string id="three_image_item">ítem</string>
      <string id="three_image_interaction_step">paso</string>
      <string id="three_image_tooltip">descripción emergente</string>
      <string id="three_image_total_items">%total% ítems</string>
      <string id="three_image_total_item">%total% ítem</string>
      <string id="three_image_progress_video">progreso</string>
      <string id="three_image_video">video</string>
      <string id="three_image_video_volume">volumen del video</string>
      <string id="acc_three_image_count_of_total_items_visited">%count% de %total% ítems visitados</string>
      <string id="acc_three_image_count_of_total_item_visited">%count% de %total% ítems visitados</string>
      <string id="three_image_count_of_total_visited">%count% de %total% visitados</string>
      <string id="accessible_text">Texto accesible</string>
      <string id="background_audio">Audio de fondo</string>
      <string id="acc_enter_fullscreen">Ingresar en el modo de pantalla completa</string>
      <string id="acc_exit_fullscreen">Salir del modo de pantalla completa</string>
      <string id="keyboardshortcuts_lower">Atajos de teclado</string>
      <string id="zoom_to_fit">Habilitar zoom del navegador</string>
      <string id="modern_video_settings_close">~cløš~e ѵi~deo ~seţt~iñgs</string>
      <string id="acc_modern_video_fullscreen">~füll~šcře~eñ</string>
      <string id="modern_video_playback_settings">~þlaý~bacķ~ šeţ~tiñg~s</string>
      <string id="modern_video_captions_off">~øff</string>
      <string id="modern_video_captions_on">~øñ</string>
      <string id="modern_video_captions_label">~caþţ~iøñš</string>
      <string id="acc_modern_video_settings">~ѵide~ø še~ţtiñ~gs</string>
      <string id="acc_modern_video_mute">~ӎüţe~ ѵid~eø</string>
      <string id="modern_video_normal_speed">~Nøřӎ~al</string>
      <string id="acc_modern_video_pause">~þaüš~e ѵi~deø</string>
      <string id="acc_modern_video_pip">~Picţ~üře-~iñ-P~ictu~re</string>
      <string id="acc_modern_video_play">~þlaý~ ѵid~eø</string>
      <string id="modern_video_playback_speed_title">~Plaý~bacķ~ šþe~ed</string>
      <string id="acc_modern_video_captions">~ѵide~ø ca~þţio~ñš</string>
      <string id="acc_modern_video_playback_speed">~Plaý~bacķ~ šþe~ed</string>
      <string id="acc_modern_video_volume">~ѵide~ø vo~lüӎe</string>
      <string id="acc_active">activo</string>
      <string id="alt_key">Alt</string>
      <string id="check_include">De verificación para incluir</string>
      <string id="clear">Borrar y volver al menú</string>
      <string id="close">Cerrar</string>
      <string id="acc_closed_captions">Subtítulos cerrados. Presiona la barra de espacio para activar y desactivar los subtítulos.</string>
      <string id="closed_captions_tip">Activar / desactivar subtítulos</string>
      <string id="continue">Continuar</string>
      <string id="continueresponsive">Continuar</string>
      <string id="playback_speed_title">~Plaý~bacķ~ Sþe~ed</string>
      <string id="playback_speed_normal">~Nøřӎ~al</string>
      <string id="acc_playback_speed">~þlaý~bacķ~ špe~ed</string>
      <string id="ctrl_key">Ctrl</string>
      <string id="enable_keyboardshortcuts">Activar atajos del teclado</string>
      <string id="enter_key">Intro</string>
      <string id="exit">Salir</string>
      <string id="filter">Filtro</string>
      <string id="finish">FINALIZAR</string>
      <string id="acc_finish">finalizar</string>
      <string id="definition">Definición</string>
      <string id="acc_definition">definición</string>
      <string id="glossary">Glosario</string>
      <string id="terms">Condiciones</string>
      <string id="progress_hour">hora</string>
      <string id="progress_hours">horas</string>
      <string id="action">Acción</string>
      <string id="keyboardshortcuts">Atajos de teclado</string>
      <string id="shortcuthelp">Listar los atajos de teclado</string>
      <string id="mute_shortcut">Silenciar / activar sonido</string>
      <string id="next_shortcut">Siguiente diapositiva</string>
      <string id="playpause_shortcut">Reproducir / pausar</string>
      <string id="previous_shortcut">Diapositiva anterior</string>
      <string id="replay_shortcut">Volver a reproducir la diapositiva</string>
      <string id="shortcut">Atajo</string>
      <string id="submit_shortcut">Validar diapositiva</string>
      <string id="acctext_shortcut">Activar/Desactivar texto accesible</string>
      <string id="background_audio_shortcut">Activar/Desactivar el audio de fondo</string>
      <string id="closedcaptions_shortcut">Activar/Desactivar accesibilidad del texto</string>
      <string id="fullscreen_shortcut">Cambiar el modo de pantalla completa</string>
      <string id="togglezoom">Alternar los modos de zoom</string>
      <string id="outline">Menú</string>
      <string id="disabled_orientation">Rote el dispositivo</string>
      <string id="progress_minute">minuto</string>
      <string id="progress_minutes">minutos</string>
      <string id="mute_tip">Silenciar</string>
      <string id="next">SIGUIENTE</string>
      <string id="acc_next">siguiente</string>
      <string id="next_slide_tip">Siguiente diapositiva</string>
      <string id="transcript_chk">Notas</string>
      <string id="transcript">Notas</string>
      <string id="bio">Biografía</string>
      <string id="more_info">Más información</string>
      <string id="closed_captions">Subtítulos</string>
      <string id="acc_pause">pausa</string>
      <string id="pause_tip">Pausar</string>
      <string id="acc_play">Reproducir</string>
      <string id="play_tip">Reproducir</string>
      <string id="send_an_email">Enviar correo electrónico</string>
      <string id="prev">ANTERIOR</string>
      <string id="acc_previous">siguiente</string>
      <string id="previous_slide_tip">Diapositiva anterior</string>
      <string id="question_list">Lista de preguntas</string>
      <string id="replay_tip">Reproducir</string>
      <string id="acc_replay">repetición</string>
      <string id="resources">Recursos</string>
      <string id="acc_resources">los recursos</string>
      <string id="restart">Reiniciar</string>
      <string id="resume">Continuar</string>
      <string id="acc_locked">bloqueado</string>
      <string id="acc_search_input">búsqueda</string>
      <string id="search_toggle">Buscar</string>
      <string id="sidebar_toggle">Mostrar/ocultar barra lateral</string>
      <string id="acc_slide_progress">progreso de la diapositiva</string>
      <string id="desktop_start">Comenzar el curso</string>
      <string id="mobile_start">Comenzar el curso</string>
      <string id="acc_visited">visitado</string>
      <string id="search">Buscar ...</string>
      <string id="search_in">Buscar en:</string>
      <string id="search_results">Resultados de la búsqueda</string>
      <string id="progress_second">segundo</string>
      <string id="progress_seconds">segundos</string>
      <string id="settings_tip">Ajustes</string>
      <string id="shift_key">Mayúsculas</string>
      <string id="acc_skipnavigation">Volver a la diapositiva</string>
      <string id="slide_text_chk">Texto Diapositiva</string>
      <string id="spacebar_key">Espacio</string>
      <string id="streaming_video_local_playback_learn_more">Saber más</string>
      <string id="streaming_video_local_playback_republish">Para ver este video, utiliza la funcionalidad de previsualización en Storyline 360, sube tu curso publicado a un servidor, publica el curso en Review 360 o cambia a calidad de video estática.</string>
      <string id="streaming_video_local_playback_title">El video en streaming no está disponible para reproducción local.</string>
      <string id="submitall">ENVIAR TODO</string>
      <string id="acc_submitall">enviar todo</string>
      <string id="submit">ENVIAR</string>
      <string id="acc_submit">presentar</string>
      <string id="submit_tip">Enviar</string>
      <string id="unmute_tip">Desactivar silencio</string>
      <string id="transcript_auto_scroll">Desplazamiento automático</string>
      <string id="acc_window_close">Cerrar</string>
      <string id="acc_video_transcript_list">Transcripciones</string>
      <string id="acc_window_move">Mover ventana</string>
      <string id="acc_modern_video_transcript">Abrir</string>
      <string id="acc_window_resize">Ajustar tamaño de ventana</string>
      <string id="video_transcript_resume_autoscroll">Reanudar desplazamiento automático</string>
      <string id="video_transcript_select_track">Seleccionar pista</string>
      <string id="transcript_show_timestamp">Mostrar marcas de tiempo</string>
      <string id="video_transcript_title">Transcripciones</string>
      <string id="acc_window_options">Opciones</string>
      <string id="acc_volume">volumen</string>
    </string_table>
  </string_tables>
  <fonts>
    <font name="Open Sans">
      <files>
        <file bold="true" italic="false" />
        <file bold="false" italic="false" />
      </files>
    </font>
  </fonts>
  <sounds enabled="true" />
  <nav_data>
    <outline>
      <links>
        <slidelink slideid="_player.6g8RcXIVtvA" displaytext="Nuevo Presentación de Microsoft PowerPoint" expand="true" type="slide">
          <links>
            <slidelink slideid="_player.6g8RcXIVtvA.6GrUdUpuerp" displaytext="Untitled Slide" expand="false" type="slide" />
            <slidelink slideid="_player.6g8RcXIVtvA.66QOgODky5V" displaytext="Sin una gestión de riesgo eficiente las empresas expuestas a una serie de eventos desafortunados caerían en un espiral descendiente, logrando la mejora de los indicadores de gestión." expand="false" type="slide" />
            <slidelink slideid="_player.6g8RcXIVtvA.6daLkurPwov" displaytext="Cuando se afronta un riesgo existen tres caminos posibles: mitigarlo, asumirlo o transferirlo." expand="false" type="slide" />
            <slidelink slideid="_player.6g8RcXIVtvA.6f5DBnbBsqG" displaytext="El objetivo principal de la identificación de riesgos es detectar y abandonar los riesgos que pueden obstaculizar a una empresa en el logro de sus objetivos." expand="false" type="slide" />
            <slidelink slideid="_player.6g8RcXIVtvA.6UgrbQpi9dQ" displaytext="La gestión del riesgo empresarial es un proceso que afecta a todos los órganos directivos y laborales de la organización." expand="false" type="slide" />
            <slidelink slideid="_player.6g8RcXIVtvA.5WrZObCK5Kp" displaytext="La probabilidad de un suceso está comprendida como un número entero entre [0, 1] y su notación viene dada por P(A)." expand="false" type="slide" />
            <slidelink slideid="_player.6g8RcXIVtvA.5uVkbwKUw9U" displaytext="La incertidumbre no se puede medir, no es cuantificable." expand="false" type="slide" />
            <slidelink slideid="_player.6g8RcXIVtvA.6IkJ41MLP2C" displaytext="Según la norma internacional ISO 31000 existen cuatro pasos básicos para realizar una evaluación de riesgos, que ordenados correctamente indican:" expand="false" type="slide" />
            <slidelink slideid="_player.6g8RcXIVtvA.5fjCc6fWViT" displaytext="Ante un riesgo relacionado con la ocurrencia de enfermedades del personal en una empresa se podría considerar como acción concreta de respuesta al riesgo:" expand="false" type="slide" />
            <slidelink slideid="_player.6g8RcXIVtvA.66tb0SGCEYN" displaytext="Cuando los riesgos son ya una realidad, la principal medida que se puede tomar con el fin de mitigar los efectos derivados de su realización, es la adopción de un plan de contingencia entendido como:" expand="false" type="slide" />
            <slidelink slideid="_player.6g8RcXIVtvA.6TU67z1XE0N" displaytext="Son considerados datos sensibles según la ley de protección de datos personales:" expand="false" type="slide" />
          </links>
        </slidelink>
      </links>
    </outline>
  </nav_data>
  <resource_data description="" />
  <transcript_data />
  <glossary_data />
</bwFrame>